article_slug,placeholder_file,original_image_url
licence-issues,licence-issues-01.png,https://framerusercontent.com/images/ttL56Fn0jIggSREJD2EG6rFIZWo.png
symbol-subscription-issues,symbol-subscription-issues-01.png,https://framerusercontent.com/images/tSmgYuJROeKX2LsYWZ5nGnc0b4.png
symbol-subscription-issues,symbol-subscription-issues-02.png,https://framerusercontent.com/images/yPjzpQfr14Yn9ZKzdtZa4ECG80.png
cache-issues-deepdom,cache-issues-deepdom-01.png,https://framerusercontent.com/images/mV4Plv33gkhHLoSOE38VTIKpfTE.png
cache-issues-deepdom,cache-issues-deepdom-02.png,https://framerusercontent.com/images/YW2bkLn1lYMStQJm1u479TZePw.png
installation-and-first-configuration,installation-and-first-configuration-01.png,https://framerusercontent.com/images/0QWDaYsVXHRAUaHSpNia4koQejA.png
installation-and-first-configuration,installation-and-first-configuration-02.png,https://framerusercontent.com/images/FfniwqGYxwLzONgdDy93WO1t7s.png
installation-and-first-configuration,installation-and-first-configuration-03.png,https://framerusercontent.com/images/pi7CuVT4AbqygKYvNIWmJUR9k.png
installation-and-first-configuration,installation-and-first-configuration-04.png,https://framerusercontent.com/images/YW3BcBTEMxERopPRJEb6dGK6jCk.png
installation-and-first-configuration,installation-and-first-configuration-05.png,https://framerusercontent.com/images/CFVg4ueJJOu3FVL7INdVCHWbZTw.png
installation-and-first-configuration,installation-and-first-configuration-06.png,https://framerusercontent.com/images/mJvsEBOZaQjbUQLfzR53g1tvGCQ.png
installation-and-first-configuration,installation-and-first-configuration-07.png,https://framerusercontent.com/images/UMXEYfZp1DmgEAFWPvSOpL180c.png
installation-and-first-configuration,installation-and-first-configuration-08.png,https://framerusercontent.com/images/qRScHxWkMpDwUXz6p41ZTnEyN8g.png
installation-and-first-configuration,installation-and-first-configuration-09.png,https://framerusercontent.com/images/k5Uf1radZ9GyDAcjHK6LbKT4VY.png
installation-and-first-configuration,installation-and-first-configuration-10.png,https://framerusercontent.com/images/OC0uGxlIC5iGzYeHAH2DzkcHGw.png
installation-and-first-configuration,installation-and-first-configuration-11.png,https://framerusercontent.com/images/lImB2zoPdY32vnTKmiVztjQwLc4.png
installation-and-first-configuration,installation-and-first-configuration-12.png,https://framerusercontent.com/images/Orf82iKjk5KkebF1fxAVlriZkXM.png
installation-and-first-configuration,installation-and-first-configuration-13.png,https://framerusercontent.com/images/amhlCQUscXE2QeOYC2LhpLaDcM.png
installation-and-first-configuration,installation-and-first-configuration-14.png,https://framerusercontent.com/images/NdSXDWxRTLbA7D28lVG0qxRYu8.jpg
general-settings,general-settings-01.png,https://framerusercontent.com/images/PCnP5vFbyroKbDkaJpOY5HPtj4.png
general-settings,general-settings-02.png,https://framerusercontent.com/images/LdDVqql0VgPd8nEbXcXKhr37gpI.jpg
general-settings,general-settings-03.png,https://framerusercontent.com/images/PnUZzO3DLm9JvnRr7WjctvugQjQ.png
general-settings,general-settings-04.png,https://framerusercontent.com/images/78gxnKV2OkmR24kwtFMZgY4ZDk.png
general-settings,general-settings-05.png,https://framerusercontent.com/images/TTK1hEYMXsPX68OS7dYWYWI1U4.png
general-settings,general-settings-06.png,https://framerusercontent.com/images/0Q1xLeLuw32iQ3XvgEjxaBxexQ.png
general-settings,general-settings-07.png,https://framerusercontent.com/images/PudnO5BaHbS8kpLy8UJA8emXjE.png
general-settings,general-settings-08.png,https://framerusercontent.com/images/8djSXE7izVPSnvWoZIWEs2FZEs.png
general-settings,general-settings-09.png,https://framerusercontent.com/images/lKtORhqQnLi58xW7Jvekxn1qd8.png
general-settings,general-settings-10.png,https://framerusercontent.com/images/G2bVkpMTePvnEsvqwW7QbHwJg4o.png
general-settings,general-settings-11.png,https://framerusercontent.com/images/cppNn83s5JkzfN4ieQ98w6HytvE.png
general-settings,general-settings-12.png,https://framerusercontent.com/images/9TekNI1DQbVFDS28HhuzxaAs64.png
general-settings,general-settings-13.png,https://framerusercontent.com/images/ePthzKoe84vOsB2i5YruCL9is.png
general-settings,general-settings-14.png,https://framerusercontent.com/images/FAQJ8JOjMcMVPcTJldENYYyrXw.png
general-settings,general-settings-15.png,https://framerusercontent.com/images/AZoiimPZHPvmnMa1A4Z40PlcsM.png
how-to-add-a-new-connection,how-to-add-a-new-connection-01.png,https://framerusercontent.com/images/tSmgYuJROeKX2LsYWZ5nGnc0b4.png
how-to-add-a-new-connection,how-to-add-a-new-connection-02.png,https://framerusercontent.com/images/Y3cB4O3HY3dZ7YUKftl38BXpq7o.png
how-to-add-markets-correctly,how-to-add-markets-correctly-01.png,https://framerusercontent.com/images/5GjVzokV7Bz7jCZP6X5lhbgbxks.png
how-to-add-markets-correctly,how-to-add-markets-correctly-02.png,https://framerusercontent.com/images/dAmT2Kh7IrL3mgwdDqjy2o3k.png
how-to-add-markets-correctly,how-to-add-markets-correctly-03.png,https://framerusercontent.com/images/Pk9TNFnnq7ICmSYdWaCRVDWHfm4.png
user-configuration-templates-workspaces,user-configuration-templates-workspaces-01.png,https://framerusercontent.com/images/dLVTHdb82PVY5Tb69ODj37Vjq2U.png
user-configuration-templates-workspaces,user-configuration-templates-workspaces-02.png,https://framerusercontent.com/images/D9nWaNZrf75n6wVYqq9aWjPQJVI.png
user-configuration-templates-workspaces,user-configuration-templates-workspaces-03.png,https://framerusercontent.com/images/0eHONRVP5f56Gc3b0Fg2xzQbuXk.png
user-configuration-templates-workspaces,user-configuration-templates-workspaces-04.png,https://framerusercontent.com/images/PSIlhtlV6TSZeEUdXvQYPZ2d46E.png
how-to-set-up-keyboard-shortcuts,how-to-set-up-keyboard-shortcuts-01.png,https://framerusercontent.com/images/mb0O6LzvczorCfsPsW3nF62g.png
how-to-set-up-keyboard-shortcuts,how-to-set-up-keyboard-shortcuts-02.png,https://framerusercontent.com/images/pUTmplFOnU5rdNfby287kQG5H4.png
how-to-insert-sound-notifications,how-to-insert-sound-notifications-01.png,https://framerusercontent.com/images/SBif4lzFvY5iSOoR9548mMzJZQ.png
how-to-insert-sound-notifications,how-to-insert-sound-notifications-02.png,https://framerusercontent.com/images/Na6lsLbroGh5ppevzXB8s6Suw.png
how-to-customize-language-and-theme,how-to-customize-language-and-theme-01.png,https://framerusercontent.com/images/KdGjY2V9O4l6E7nAayEXuLYImI.png
how-to-customize-language-and-theme,how-to-customize-language-and-theme-02.png,https://framerusercontent.com/images/n7fTUMHAAuCPx8LZI9RIvXM8G2M.png
how-to-manage-symbol-rollover,how-to-manage-symbol-rollover-01.png,https://framerusercontent.com/images/FzkwjYGe5MsoAORJoKgHMrnjDk.png
how-to-manage-symbol-rollover,how-to-manage-symbol-rollover-02.png,https://framerusercontent.com/images/I8jWa49sS70Jrevkm9DVV6k5mzc.png
how-to-manage-symbol-rollover,how-to-manage-symbol-rollover-03.png,https://framerusercontent.com/images/gdIZdjz1fvvtolGMdzkAW98WkI.png
how-to-manage-symbol-rollover,how-to-manage-symbol-rollover-04.png,https://framerusercontent.com/images/ncQIgbIdKs3K8A34NpRE8dd8Gjw.png
how-to-manage-symbol-rollover,how-to-manage-symbol-rollover-05.png,https://framerusercontent.com/images/db9ZpRlPT7nMlpI3vlrzl2hP4.png
orders-window-deepdom,orders-window-deepdom-01.png,https://framerusercontent.com/images/RmgAdjtzifFgmuq8ArGNcwa11xk.png
orders-window-deepdom,orders-window-deepdom-02.png,https://framerusercontent.com/images/O7888wFe0UXaxWOy10p0CPvTO8.png
trading-from-the-chart,trading-from-the-chart-01.png,https://framerusercontent.com/images/WPhzcm4oH4zTvoLA3J2FplItK4.png
trading-from-the-chart,trading-from-the-chart-02.png,https://framerusercontent.com/images/7gWUruxEg9RkCZbwBGkGu8JAM.png
trading-from-the-chart,trading-from-the-chart-03.png,https://framerusercontent.com/images/onHRdlHowQPBrkl0URfb3mL7bkk.png
trading-from-the-chart,trading-from-the-chart-04.png,https://framerusercontent.com/images/WligAC4cokmTDkcqF756CLYWM.png
trading-from-the-chart,trading-from-the-chart-05.png,https://framerusercontent.com/images/MjIeUWDRrJ4asAhmZRjaDn66qvM.png
trading-from-the-chart,trading-from-the-chart-06.png,https://framerusercontent.com/images/2QkPV8OaHZFRNhwdFbR9npOe4Ss.png
trading-from-the-chart,trading-from-the-chart-07.png,https://framerusercontent.com/images/ttn5mdxhaLl9SuhhflTtK9TV55s.png
trading-from-the-chart,trading-from-the-chart-08.png,https://framerusercontent.com/images/VwZQU8odPSGI6QrZ7zkGUc5HeU.png
portfolio-risk-manager,portfolio-risk-manager-01.png,https://framerusercontent.com/images/IJnQHygztV0RE59sjI8e8UDAyKg.png
portfolio-risk-manager,portfolio-risk-manager-02.png,https://framerusercontent.com/images/nqFilA9VsYCSg4XUJ0Q1PfMqo.png
portfolio-risk-manager,portfolio-risk-manager-03.png,https://framerusercontent.com/images/asocN5TyzmK5Uf8bMvj2x1NKyM.png
portfolio-risk-manager,portfolio-risk-manager-04.png,https://framerusercontent.com/images/nW09m9w2MdWD7I5IImL0Wxk.png
portfolio-risk-manager,portfolio-risk-manager-05.png,https://framerusercontent.com/images/FYptkOM89d1WVQxqX1qgvVAHc.png
portfolio-risk-manager,portfolio-risk-manager-06.png,https://framerusercontent.com/images/EW7PevFD6qg0zxpGyyGhVJsSyc.png
portfolio-risk-manager,portfolio-risk-manager-07.png,https://framerusercontent.com/images/Ipg2omha4JAyVtdHuNJ5Fh9xJY.png
portfolio-risk-manager,portfolio-risk-manager-08.png,https://framerusercontent.com/images/Iw8yV7vycRLzqyOccQ7uaThAF6w.png
portfolio-risk-manager,portfolio-risk-manager-09.png,https://framerusercontent.com/images/0wlv0LSGeJGAE13gqqmuusqSA.png
portfolio-risk-manager,portfolio-risk-manager-10.png,https://framerusercontent.com/images/CnIbiVMmm9bk1oG7bSdstEnueI.png
portfolio-risk-manager,portfolio-risk-manager-11.png,https://framerusercontent.com/images/4VzysEpJNMKWaYTAlLV2xyXy3s.png
portfolio-risk-manager,portfolio-risk-manager-12.png,https://framerusercontent.com/images/A1eW40mNX0ubMqpmTVdMrlGIIHU.png
portfolio-risk-manager,portfolio-risk-manager-13.png,https://framerusercontent.com/images/ZbXpJarZeSHYfOUUqSPplECypM.png
portfolio-risk-manager,portfolio-risk-manager-14.png,https://framerusercontent.com/images/ED7EOfUmZKdkdeoH2Fp991skDU.png
portfolio-risk-manager,portfolio-risk-manager-15.png,https://framerusercontent.com/images/Tov6Ptb5OnSNrEErtsUfSxRunjc.png
portfolio-risk-manager,portfolio-risk-manager-16.png,https://framerusercontent.com/images/jurzVmaXDQi8gnoLxbGg99Nk1co.png
portfolio-risk-manager,portfolio-risk-manager-17.png,https://framerusercontent.com/images/v2rYKShhyF9qYtj2PXq4j380k.png
portfolio-risk-manager,portfolio-risk-manager-18.png,https://framerusercontent.com/images/vYzaIZSKMh0MxepPDrT9KLowRm0.png
portfolio-risk-manager,portfolio-risk-manager-19.png,https://framerusercontent.com/images/h179pGbSghiKXyJEf6gSJhQ8.png
portfolio-risk-manager,portfolio-risk-manager-20.png,https://framerusercontent.com/images/X5dBaIV1Vt1q00NY05Fqe8VtkE.png
simulation-environment,simulation-environment-01.png,https://framerusercontent.com/images/nE8UuQxhnrdHLkFwVDAbu5tkiXY.png
simulation-environment,simulation-environment-02.png,https://framerusercontent.com/images/pdHiL8b9pEXjBwNCHdlxKighCuE.png
simulation-environment,simulation-environment-03.png,https://framerusercontent.com/images/M6jG1JkGMdagwQLePpJK4TfgmE.png
spread-bid-ask,spread-bid-ask-01.png,https://framerusercontent.com/images/nqr5MlGNjm5jqcfLHQX4hNBlkRs.png
spread-bid-ask,spread-bid-ask-02.png,https://framerusercontent.com/images/pNZ2kiIgWzcm629FIKZb8sjsA.png
vwap-envelopes-deepdom,vwap-envelopes-deepdom-01.png,https://framerusercontent.com/images/hwfNpAV4kLiQp8r3ifOkmyguYA4.png
vwap-envelopes-deepdom,vwap-envelopes-deepdom-02.png,https://framerusercontent.com/images/HUP0VpfuhypH4qi6V8MA61jF8o.png
vwap-envelopes-deepdom,vwap-envelopes-deepdom-03.png,https://framerusercontent.com/images/YMw2DZsEqfxwgTr7MMgjukZpyE.png
vwap-envelopes-deepdom,vwap-envelopes-deepdom-04.png,https://framerusercontent.com/images/stlf7PAWibhYKOme3rB3hrgNuFE.png
vwap-envelopes-deepdom,vwap-envelopes-deepdom-05.png,https://framerusercontent.com/images/efgF7kbXEMlm7iAoVJpJ4i0UFs.png
vwap-envelopes-deepdom,vwap-envelopes-deepdom-06.png,https://framerusercontent.com/images/bsiysFTGHXdQuTbqbS50QoOkI.png
vwap-envelopes-deepdom,vwap-envelopes-deepdom-07.png,https://framerusercontent.com/images/GRpJBubgDKRNUwsTHzXOhQJHNA.png
vwap-envelopes-deepdom,vwap-envelopes-deepdom-08.png,https://framerusercontent.com/images/l58FoFiOMemVLKAQBIyR9zBu0KM.png
vwap-envelopes-deepdom,vwap-envelopes-deepdom-09.png,https://framerusercontent.com/images/skNIT68R8ZankJ0WjrnVuuPA.png
vwap-envelopes-deepdom,vwap-envelopes-deepdom-10.png,https://framerusercontent.com/images/nyoNd2uUOM75LzwofqBxNuhyFIM.png
session-imbalance-deepdom,session-imbalance-deepdom-01.png,https://framerusercontent.com/images/47z3uVFOQnA7UITiu801eM7Nqw.png
session-imbalance-deepdom,session-imbalance-deepdom-02.png,https://framerusercontent.com/images/y82TyoMBd3wLgB2W1TsnXOmyPM.png
session-imbalance-deepdom,session-imbalance-deepdom-03.png,https://framerusercontent.com/images/oTLqDF6mCuGYUNlwRhbfDLUj4bQ.png
session-imbalance-deepdom,session-imbalance-deepdom-04.png,https://framerusercontent.com/images/wKbZDT54w0JoSB943bWVGg43A.png
session-imbalance-deepdom,session-imbalance-deepdom-05.png,https://framerusercontent.com/images/t280Tgpk63jCmJ2t3VfySkrdbs.png
session-imbalance-deepdom,session-imbalance-deepdom-06.png,https://framerusercontent.com/images/nutwGMBfrspBg3zPXstcWwW2iA.png
session-imbalance-deepdom,session-imbalance-deepdom-07.png,https://framerusercontent.com/images/H18zsG2YXz4GYkRq2GQ9mtkgsws.png
session-imbalance-deepdom,session-imbalance-deepdom-08.png,https://framerusercontent.com/images/nM7nAd8AKnm49VVNfs2lCEjzYd4.png
session-imbalance-deepdom,session-imbalance-deepdom-09.png,https://framerusercontent.com/images/1TfYQkomvJ8qQd8awJqNTC0f5jI.png
session-imbalance-deepdom,session-imbalance-deepdom-10.png,https://framerusercontent.com/images/VvKRcN8Fa5AwZhARYU3euv1RIrE.png
session-imbalance-deepdom,session-imbalance-deepdom-11.png,https://framerusercontent.com/images/Uwkt7X85oJm05R4tPG3xy1Brbt4.png
session-imbalance-deepdom,session-imbalance-deepdom-12.png,https://framerusercontent.com/images/xvvn2QurX7UGzHALKs4mpRW35ME.png
session-imbalance-deepdom,session-imbalance-deepdom-13.png,https://framerusercontent.com/images/9pPlDsOWI28lAWxF98lcVgCzk.png
session-imbalance-deepdom,session-imbalance-deepdom-14.png,https://framerusercontent.com/images/mKY9Q9u0rHY1CnYyrPOqkQq5tJc.png
session-imbalance-deepdom,session-imbalance-deepdom-15.png,https://framerusercontent.com/images/FkiKI32jKRJIgj2lkcFoBl4rXG8.png
book-speed,book-speed-01.png,https://framerusercontent.com/images/Vllg2ErjEko336FHfCT5wETBEH8.png
book-speed,book-speed-02.png,https://framerusercontent.com/images/JTuSNLYMdlSxWCEyqGMO05LmPo.png
book-speed,book-speed-03.png,https://framerusercontent.com/images/ixrgD4JGNtxQtO9MJTyUuJ2zvBQ.png
book-speed,book-speed-04.png,https://framerusercontent.com/images/q5a2d4tPWKcmMVLJdTLXruneQ.png
book-speed,book-speed-05.png,https://framerusercontent.com/images/FY7rhSnL3n4kY0Wt6xR4GqXCzz8.png
book-speed,book-speed-06.png,https://framerusercontent.com/images/FShHkW9eHLh9NTorwHqgOqB6vo.png
book-speed,book-speed-07.png,https://framerusercontent.com/images/McIjRfxCE74rx2bZk8s77Lag1Oc.png
book-speed,book-speed-08.png,https://framerusercontent.com/images/EGxYjyqa2H67iJOqtQyw1LYDRI.png
book-speed,book-speed-09.png,https://framerusercontent.com/images/MuLbXoHB7JMWij9lx2bM3u4N6qM.png
book-speed,book-speed-10.png,https://framerusercontent.com/images/mB5X36fXCHFkvHlScSzFJW18Us.png
book-speed,book-speed-11.png,https://framerusercontent.com/images/Y4r8uI46aQNmY87QZ3T5u2v8.png
volume-profile-deepdom,volume-profile-deepdom-01.png,https://framerusercontent.com/images/8ITKJBCslgSnGPTGkFh8IHlmvc.png
volume-profile-deepdom,volume-profile-deepdom-02.png,https://framerusercontent.com/images/FMzWbSVYidKr1TuYb3DwYJbVmQ.png
volume-profile-deepdom,volume-profile-deepdom-03.png,https://framerusercontent.com/images/ZeKt3yzTqpKdDY7RDh9H1ytL2T0.png
volume-profile-deepdom,volume-profile-deepdom-04.png,https://framerusercontent.com/images/liMbgHFJHX8BONC09st3ROBZIA.png
volume-profile-deepdom,volume-profile-deepdom-05.png,https://framerusercontent.com/images/5Jbn5lO7qLjodxxDJ1eOCAdHD8g.png
volume-profile-deepdom,volume-profile-deepdom-06.png,https://framerusercontent.com/images/kZwk13UIvlmiVJ5nQ20WFqSuKNI.png
volume-profile-deepdom,volume-profile-deepdom-07.png,https://framerusercontent.com/images/pVB158lQezFIJ2pe2coO0sLM8.png
volume-profile-deepdom,volume-profile-deepdom-08.png,https://framerusercontent.com/images/c62CHWqE9ItvA93c77cqBKR2GY.png
volume-profile-deepdom,volume-profile-deepdom-09.png,https://framerusercontent.com/images/WM9TZDZjyTVnq5iZdMq9VhLeIU.png
volume-profile-deepdom,volume-profile-deepdom-10.png,https://framerusercontent.com/images/3Ux2mP2c6VUSN7FFdo9E6HQfuU.png
stop-run,stop-run-01.png,https://framerusercontent.com/images/9HYx9SgSBzv9P79NIdQGTCdvwMw.png
stop-run,stop-run-02.png,https://framerusercontent.com/images/6H8IixvzPbZBubZgDnpC3Pk0uc.png
stop-run,stop-run-03.png,https://framerusercontent.com/images/BIOKkMyBBXCcblP0jas5tOcIbU.png
stop-run,stop-run-04.png,https://framerusercontent.com/images/1O4yn4zJpYESKJs5POBB1FEhqU.png
stop-run,stop-run-05.png,https://framerusercontent.com/images/UlPLqcrpLmJ4rmkVpPV9yrdlcM.png
stop-run,stop-run-06.png,https://framerusercontent.com/images/00I8ccQHVgcIytZXQB5rCCqxbOw.png
stop-run,stop-run-07.png,https://framerusercontent.com/images/a3qXUKFkKlK6X9tPYC1pBTPaw.png
stop-run,stop-run-08.png,https://framerusercontent.com/images/6KG6DFp4wLN4QGigFIStgDK9Sc.png
stop-run,stop-run-09.png,https://framerusercontent.com/images/d8BKOqZDxgDVVVZZ0i5ajX0iQF8.png
stop-run,stop-run-10.png,https://framerusercontent.com/images/bc2yZJKDQvYs2vd8nBAREWIcSk.png
stop-run,stop-run-11.png,https://framerusercontent.com/images/VhVt2eW2iqkfbuJQf2tOBbZKc.png
stop-run,stop-run-12.png,https://framerusercontent.com/images/aesujOwydyxqU6kf1j7yqkRB8E4.png
stop-run,stop-run-13.png,https://framerusercontent.com/images/pH1yFh6IqwXcWNpoS1qdAvOK4A.png
stop-run,stop-run-14.png,https://framerusercontent.com/images/JPMijS1kPUly5DM3XK75tVgAPFE.png
stop-run,stop-run-15.png,https://framerusercontent.com/images/j0HZoudkzNwUR3mrgiB2n9ijE.png
stop-run,stop-run-16.png,https://framerusercontent.com/images/vMjdRJDFGBtYTOaslVmmmXSJU0.png
stop-run,stop-run-17.png,https://framerusercontent.com/images/jZh3qBy9ceJE3Tk3jLaKOtLb0a8.png
stop-run,stop-run-18.png,https://framerusercontent.com/images/onUtknvzF8LLiIylEwrrOJkLck.png
stop-run,stop-run-19.png,https://framerusercontent.com/images/nnjGqEkJnN0w15UXkIJu7nnJUU.png
stop-run,stop-run-20.png,https://framerusercontent.com/images/iaRkYIXDEU9lrmIdqAaCVw33w.png
stop-run,stop-run-21.png,https://framerusercontent.com/images/1qG3XMEohaBUhpAXYqtqheyYJ0.png
stop-run,stop-run-22.png,https://framerusercontent.com/images/peaBPzZXfPmsooxk8XGqIt7H6Es.png
stop-run,stop-run-23.png,https://framerusercontent.com/images/f7041O68PuSybNaSSXbL7G1oVSs.png
stop-run,stop-run-24.png,https://framerusercontent.com/images/bcOAa4srBzBs9gKaHvps99oiyc.png
stop-run,stop-run-25.png,https://framerusercontent.com/images/zQF4IFycGjagxCRRqFaPpGl4zE.png
stop-run,stop-run-26.png,https://framerusercontent.com/images/ddQIlXR6JHdFq00GAmgEJeV6lg.png
stop-run,stop-run-27.png,https://framerusercontent.com/images/sz2HO3JH03o2aVVxYDj6FMvfrCY.png
stop-run,stop-run-28.png,https://framerusercontent.com/images/qhYDKxfwgRuSqHBslAVgEGoVI.png
stop-run,stop-run-29.png,https://framerusercontent.com/images/i78VufPqKkc2tcYIjq9iyvJjRk.png
absorption,absorption-01.png,https://framerusercontent.com/images/OvmqCnNxSw5XnTczHOqCsvMIwU.png
absorption,absorption-02.png,https://framerusercontent.com/images/UEEXMN5U8zq3qhuwH7v0aAQcb3w.png
absorption,absorption-03.png,https://framerusercontent.com/images/kcxEdC0b7BXq9Cy6DLi0CMDX8.png
absorption,absorption-04.png,https://framerusercontent.com/images/ffTFFtt4QvzM1W5WDAHuUCom50.png
absorption,absorption-05.png,https://framerusercontent.com/images/aXG5XtaatcSVsQQK1bWNKuxSPg.png
absorption,absorption-06.png,https://framerusercontent.com/images/8SE5OIlnxL24kRjVhQihfITU.png
absorption,absorption-07.png,https://framerusercontent.com/images/kLd2baXKMe2CxZGrEcCCwXUJLg8.png
absorption,absorption-08.png,https://framerusercontent.com/images/28Wj3uXZd6ioLpvEQlRXAGkno.png
absorption,absorption-09.png,https://framerusercontent.com/images/Z2QVtx9c9iU4L6EIM3PMGK0EKM.png
absorption,absorption-10.png,https://framerusercontent.com/images/5s5K0oYsLmj0A4SuFcBbq9biPM.png
absorption,absorption-11.png,https://framerusercontent.com/images/xEwVdfWxbxWZKpI8DevJs6q2YbA.png
absorption,absorption-12.png,https://framerusercontent.com/images/9bKqSpRUs16FhVfznDIYIzosAY.png
absorption,absorption-13.png,https://framerusercontent.com/images/h6rS7V5ZYwSzVEjQevZLiMlGM.png
absorption,absorption-14.png,https://framerusercontent.com/images/sceKjVl4ZhTI7fnQB4xk2dmL3k.png
absorption,absorption-15.png,https://framerusercontent.com/images/nvgH0Kv4FiE5WA7dz1VM5FVcw.png
absorption,absorption-16.png,https://framerusercontent.com/images/wKMadMkdju61myQdkJzlpVtG4k.png
absorption,absorption-17.png,https://framerusercontent.com/images/I6z8iTg5edNyLsWZGwpkH8IDqqw.png
absorption,absorption-18.png,https://framerusercontent.com/images/3vUgvNPeCHsT3w6zZ3ol6uNTyM.png
absorption,absorption-19.png,https://framerusercontent.com/images/LlPD01Xlt1v9cQ7pxwkJD5UfO8A.png
absorption,absorption-20.png,https://framerusercontent.com/images/Qq9Xybdt7wOGIdSC5KhJLvJ0wwc.png
absorption,absorption-21.png,https://framerusercontent.com/images/5dVsGcLKCgk5eXKIy6QUnxxK2bY.png
absorption,absorption-22.png,https://framerusercontent.com/images/1VmJwKRhAaMIKrCcwRXfvWt5plU.png
absorption,absorption-23.png,https://framerusercontent.com/images/4YpMXkI7O8Dm0tMB7yYQ0YstzQ.png
cumulative-iceberg-stop,cumulative-iceberg-stop-01.png,https://framerusercontent.com/images/I5wBaGrOzdD78ijKng2TLlY1xg.png
cumulative-iceberg-stop,cumulative-iceberg-stop-02.png,https://framerusercontent.com/images/sVepGYhHovZEs6WQVTTDnsmmoWc.png
cumulative-iceberg-stop,cumulative-iceberg-stop-03.png,https://framerusercontent.com/images/heEoq9FAdHGyofSasowtvCFKvw.png
cumulative-iceberg-stop,cumulative-iceberg-stop-04.png,https://framerusercontent.com/images/K6OK5Jt9Xpdei0LklbpQ6n2UzaI.png
cumulative-iceberg-stop,cumulative-iceberg-stop-05.png,https://framerusercontent.com/images/zPen9koHLaR9svqlBgWwiCI7IE.png
cumulative-iceberg-stop,cumulative-iceberg-stop-06.png,https://framerusercontent.com/images/ArtWvL8GbGA4z6TGalf87Cm3O48.png
cumulative-iceberg-stop,cumulative-iceberg-stop-07.png,https://framerusercontent.com/images/4I17UYkzqFqYXV3wcbLHygyR32M.png
cumulative-iceberg-stop,cumulative-iceberg-stop-08.png,https://framerusercontent.com/images/t3D8LtvMXDokc4rOYmay25Ieozs.png
cumulative-iceberg-stop,cumulative-iceberg-stop-09.png,https://framerusercontent.com/images/zj9MsuGOEH9ylBUNaXAsqIKjjk.png
cumulative-iceberg-stop,cumulative-iceberg-stop-10.png,https://framerusercontent.com/images/oIeqmpjb1qBzd4MX1CDh5kw6pR0.png
cumulative-iceberg-stop,cumulative-iceberg-stop-11.png,https://framerusercontent.com/images/FHnwYBRp6cvDCZcz6X9e0XJG3mc.png
cumulative-iceberg-stop,cumulative-iceberg-stop-12.png,https://framerusercontent.com/images/itK9Pu6aNQrQvHfB99zIsU04E6M.png
cumulative-iceberg-stop,cumulative-iceberg-stop-13.png,https://framerusercontent.com/images/f9nKcnmCUkCt5KkrVEQq7RhbAVo.png
cumulative-iceberg-stop,cumulative-iceberg-stop-14.png,https://framerusercontent.com/images/kfSO28NjXfnrNhHZGm73FzPUuJg.png
cumulative-iceberg-stop,cumulative-iceberg-stop-15.png,https://framerusercontent.com/images/80hrWB4jda52KJL1TUbI3vWdQE.png
cumulative-iceberg-stop,cumulative-iceberg-stop-16.png,https://framerusercontent.com/images/Ane9REzRNlZVyg2W5B5Rxgjob48.png
volume-swing-deepdom,volume-swing-deepdom-01.png,https://framerusercontent.com/images/HJt5pt1ODKF1LiQBi9baRWMcug.png
volume-swing-deepdom,volume-swing-deepdom-02.png,https://framerusercontent.com/images/lTCaXTTPjxPXAXPJixROiJvJwQ.png
volume-swing-deepdom,volume-swing-deepdom-03.png,https://framerusercontent.com/images/FmwgerCKPpwS2RCGBueRLAu4g.png
volume-swing-deepdom,volume-swing-deepdom-04.png,https://framerusercontent.com/images/QwvYcghSKSjdSIX2afZqvvT0Bw.png
volume-swing-deepdom,volume-swing-deepdom-05.png,https://framerusercontent.com/images/ES3lgXIZn11Y1BGC8XbOUVRbQ.png
volume-swing-deepdom,volume-swing-deepdom-06.png,https://framerusercontent.com/images/Npz0NYf8sxr91mNouqlZvVMtxM.png
volume-swing-deepdom,volume-swing-deepdom-07.png,https://framerusercontent.com/images/H2dJAECiKhyut5FZrfooXZwjno.png
poc-dynamic,poc-dynamic-01.png,https://framerusercontent.com/images/ACEKMFJZhySiABNl9bFe4HdeA.png
poc-dynamic,poc-dynamic-02.png,https://framerusercontent.com/images/HXMtdOYozhbN06sMXWO2Ezf1wo.png
poc-dynamic,poc-dynamic-03.png,https://framerusercontent.com/images/TR6fMD5289NxohaFHfHSKtffc8.png
poc-dynamic,poc-dynamic-04.png,https://framerusercontent.com/images/hBk4Y4ZuR1izO3NwmBYNoJZ4.png
poc-dynamic,poc-dynamic-05.png,https://framerusercontent.com/images/EE93HA0wpDQgUsCWuLf6vzBe3w.png
poc-dynamic,poc-dynamic-06.png,https://framerusercontent.com/images/pmvODDvZucWO443j2OkfjT9pfk.png
poc-dynamic,poc-dynamic-07.png,https://framerusercontent.com/images/RRxSzDOS5KSH8DVJtWWasXiXuM.png
poc-dynamic,poc-dynamic-08.png,https://framerusercontent.com/images/JT2tkvXi4wkpCVmD9htQJUsUpmU.png
poc-dynamic,poc-dynamic-09.png,https://framerusercontent.com/images/z16bag2MXfGSu4D8PPDF3Cqha0.png
volume-deepdom,volume-deepdom-01.png,https://framerusercontent.com/images/9Kkv4jULF0b9lIenLkeW6QwyM.png
volume-deepdom,volume-deepdom-02.png,https://framerusercontent.com/images/Jb255laWrr2uTtDrOIHhr1SFes.png
volume-deepdom,volume-deepdom-03.png,https://framerusercontent.com/images/vniNybL2jwSvabKrW9eo1pXLfE.png
volume-deepdom,volume-deepdom-04.png,https://framerusercontent.com/images/a6NqWc8l0Fazl9zIt0UF0F9L1ys.png
delta-bar-deepdom,delta-bar-deepdom-01.png,https://framerusercontent.com/images/de2LpgX8oUNeTt2jwxVNJnoOUc.png
delta-bar-deepdom,delta-bar-deepdom-02.png,https://framerusercontent.com/images/102Vxz4rHfjJ6b742sgFiZVdCuM.png
delta-bar-deepdom,delta-bar-deepdom-03.png,https://framerusercontent.com/images/c4oCC3eQ9Gzii25ZzLVR0EIB9cw.png
delta-bar-deepdom,delta-bar-deepdom-04.png,https://framerusercontent.com/images/USomT2zFWa6VrgJKVfujvxMV6F8.png
delta-bar-deepdom,delta-bar-deepdom-05.png,https://framerusercontent.com/images/e3fSKkJsMtujEAZbz5Xnpq0vXbU.png
delta-bar-deepdom,delta-bar-deepdom-06.png,https://framerusercontent.com/images/VLpZo75KpFw7djfEcYYnvxdZOk.png
delta-bar-deepdom,delta-bar-deepdom-07.png,https://framerusercontent.com/images/BIk2yyxSkNSqTZ6O5UXx46FlhdM.png
cumulative-volume-delta,cumulative-volume-delta-01.png,https://framerusercontent.com/images/CGFELU4RhHhlys4GfrJIQOBmzk.png
cumulative-volume-delta,cumulative-volume-delta-02.png,https://framerusercontent.com/images/9HticvkwmGSm9Mz3Arhkn9wJio.png
cumulative-volume-delta,cumulative-volume-delta-03.png,https://framerusercontent.com/images/AG25M73rTKhhv7beloEHHc01k.png
cumulative-volume-delta,cumulative-volume-delta-04.png,https://framerusercontent.com/images/FXGpsV0ZS2fDW3u6ox2gcbb9Hlo.png
cumulative-volume-delta,cumulative-volume-delta-05.png,https://framerusercontent.com/images/g1J0ZazR8fkq4VxcotmbWGq03f8.png
big-trades-deepdom,big-trades-deepdom-01.png,https://framerusercontent.com/images/HrpiHmaUVgivA2oqTqXpzQ4rBfk.png
big-trades-deepdom,big-trades-deepdom-02.png,https://framerusercontent.com/images/s2qexEAxRrTBVTwTrHMgFR5Wwo.png
big-trades-deepdom,big-trades-deepdom-03.png,https://framerusercontent.com/images/VcJ6H4TqA1vaz7Q2IqXTF6a0.png
big-trades-deepdom,big-trades-deepdom-04.png,https://framerusercontent.com/images/wd7JojJhEUOXvLlmhPv43ClcQ.png
big-trades-deepdom,big-trades-deepdom-05.png,https://framerusercontent.com/images/FJYZww2VvEtuhrO65kkKEhPmgQI.png
important-levels-deepdom,important-levels-deepdom-01.png,https://framerusercontent.com/images/2pG9msUDBKmUTeRfxBBFcmuwP4.png
important-levels-deepdom,important-levels-deepdom-02.png,https://framerusercontent.com/images/MEBqC3UgENKzIJX0kTnKhmUjo5I.png
important-levels-deepdom,important-levels-deepdom-03.png,https://framerusercontent.com/images/thVpQCwWdSCzFqhaeVU8TFLstSI.png
important-levels-deepdom,important-levels-deepdom-04.png,https://framerusercontent.com/images/WMb5WXbj5jiuderY9lPk56Tso80.png
volume-bubbles,volume-bubbles-01.png,https://framerusercontent.com/images/XJCCxY1rTgy101W7SEoNuk7V03k.png
volume-bubbles,volume-bubbles-02.png,https://framerusercontent.com/images/wkIUf1as0lz6l5Xcvf4xX51UPK4.png
volume-bubbles,volume-bubbles-03.png,https://framerusercontent.com/images/K9f9E3K479MpVekO85YgoeMvQU.png
volume-bubbles,volume-bubbles-04.png,https://framerusercontent.com/images/JdV8QRI5PD6KQgCT6Oy58QaBdP8.png
volume-bubbles,volume-bubbles-05.png,https://framerusercontent.com/images/E391gveG4mKjCUBLO66uVjRVJTw.png
volume-bubbles,volume-bubbles-06.png,https://framerusercontent.com/images/vQdRDKTaX0YV78jjMLcaT7pYQNs.png
volume-bubbles,volume-bubbles-07.png,https://framerusercontent.com/images/n7Nc0svz0ZPAmBLR1FTtcrtYk.png
volume-bubbles,volume-bubbles-08.png,https://framerusercontent.com/images/vvMIdJcOgJGIACM5mEj2DV723Dc.png
volume-bubbles,volume-bubbles-09.png,https://framerusercontent.com/images/9RfP46m4CLvcGoAIlOidNTh4txg.png
volume-bubbles,volume-bubbles-10.png,https://framerusercontent.com/images/hGUxdKgDiwdx04H7g501YaONpsU.png
volume-bubbles,volume-bubbles-11.png,https://framerusercontent.com/images/R4kPfnqvtHvDmAGv0NoPuAdFZg.png
volume-bubbles,volume-bubbles-12.png,https://framerusercontent.com/images/FZwRkUSiwfmX2gkZli4VgUVFDN0.png
volume-bubbles,volume-bubbles-13.png,https://framerusercontent.com/images/WMDAC6bVsWp2KPef5NuJiFyBY40.png
volume-bubbles,volume-bubbles-14.png,https://framerusercontent.com/images/mRFf4FyfLtBCpcUoPM0zwZ8gk.png
volume-bubbles,volume-bubbles-15.png,https://framerusercontent.com/images/h8L3Tr6q39N8frsoxGjka91oaA0.png
volume-bubbles,volume-bubbles-16.png,https://framerusercontent.com/images/jVQugrIJ7hTRfs1o9UlNqBi1CNM.png
volume-bubbles,volume-bubbles-17.png,https://framerusercontent.com/images/hINPACa3BelaoP7dBBhceNdbjUQ.png
volume-bubbles,volume-bubbles-18.png,https://framerusercontent.com/images/1q1R2el0WeSbAq7sLd380QzJ3R4.png
volume-bubbles,volume-bubbles-19.png,https://framerusercontent.com/images/sTUztkVg9Jd1RXRh3UIF732hE.png
volume-bubbles,volume-bubbles-20.png,https://framerusercontent.com/images/DlJXbRvoAFj6cuGClkWVugC8lo.png
heatmap,heatmap-01.png,https://framerusercontent.com/images/GV6rDy54xH91W4Fh4Sk7gMU67Q.png
heatmap,heatmap-02.png,https://framerusercontent.com/images/MSEP6KwCaTDVIeB1VMXxJxCQtw.png
heatmap,heatmap-03.png,https://framerusercontent.com/images/iq5TIGWyvdUrV7HFYYyYRDuB14.png
heatmap,heatmap-04.png,https://framerusercontent.com/images/bkKUcvoH2wLos9FmdKkEFo6rCQE.png
heatmap,heatmap-05.png,https://framerusercontent.com/images/oR3JqUOJABObGek8dzq8uizWI.png
heatmap,heatmap-06.png,https://framerusercontent.com/images/Pvlemm9JrUGE0UFhX5RdA837rM.png
heatmap,heatmap-07.png,https://framerusercontent.com/images/k6bsBrNAhcqB5kphdgnSKlMNZs.png
heatmap,heatmap-08.png,https://framerusercontent.com/images/AlyuqZnGZbFxtGX7kk8XnhmyM.png
heatmap,heatmap-09.png,https://framerusercontent.com/images/Eif3Clg4JgHLfYcXkcTwka2gavo.png
heatmap,heatmap-10.png,https://framerusercontent.com/images/tIoVfEZDygWlU49tsL07j82aRE.png
replay-tick-data,replay-tick-data-01.png,https://framerusercontent.com/images/kxrFeOEEYwLUiVsYUeOaqFdguC4.png
replay-tick-data,replay-tick-data-02.png,https://framerusercontent.com/images/0lmRmt8MOVsDEnApDGj3oiJ9A.png
replay-tick-data,replay-tick-data-03.png,https://framerusercontent.com/images/8ZsX7xBHGbAg0UOMPEY4jVr9Jc.png
replay-tick-data,replay-tick-data-04.png,https://framerusercontent.com/images/a3cQdCSd5SWkVxRLXMEp0bU7eA.png
replay-tick-data,replay-tick-data-05.png,https://framerusercontent.com/images/wIBGuogUhPxfEdfSREdQ5iOHNRQ.png
replay-tick-data,replay-tick-data-06.png,https://framerusercontent.com/images/TzDaZMJR9rXVvYjR3vzhpb7SFKE.png
replay-tick-data,replay-tick-data-07.png,https://framerusercontent.com/images/FdVFhUJdle9ypKiOm8LFFZWCk.png
replay-tick-data,replay-tick-data-08.png,https://framerusercontent.com/images/QjySC1n9LjTyjIfcmZsn0epEA.png
replay-tick-data,replay-tick-data-09.png,https://framerusercontent.com/images/RpGdbdwUSL4dZ8fm2xxIAEpGWw.png
replay-tick-data,replay-tick-data-10.png,https://framerusercontent.com/images/wjDjk3FvmXoii41CuTb9Fa2z4.png
deep-iceberg,deep-iceberg-01.png,https://framerusercontent.com/images/eaIpMKV44nrMDZDLOorSiVBMJc.png
deep-iceberg,deep-iceberg-02.png,https://framerusercontent.com/images/RwyDXgm4gIxknoVsqRQzIJT54.png
deep-iceberg,deep-iceberg-03.png,https://framerusercontent.com/images/eHO9pMJ94K5VyLWlpjsA6KnhNs.png
deep-iceberg,deep-iceberg-04.png,https://framerusercontent.com/images/C4l2GOxkQ9t8olr7VQoW7rp1k.png
deep-iceberg,deep-iceberg-05.png,https://framerusercontent.com/images/2ejJFj7WLUIKOOKhXVp5GPOCpLo.png
deep-iceberg,deep-iceberg-06.png,https://framerusercontent.com/images/p9Pz7ZRzoapBigC6qXXUGkuoYI.png
deep-iceberg,deep-iceberg-07.png,https://framerusercontent.com/images/5r0KF8nMXm4N8QLP3s0ve0zuf0.png
deep-iceberg,deep-iceberg-08.png,https://framerusercontent.com/images/qHwbxqxCNaWBm2bi8wsdvPpJQ2A.png
deep-reload,deep-reload-01.png,https://framerusercontent.com/images/3tQvQof41m2nC8qIFifV4lydOs.png
deep-reload,deep-reload-02.png,https://framerusercontent.com/images/KYVu1Mm3dRu1sCmTDiOJNNvL1o.png
deep-reload,deep-reload-03.png,https://framerusercontent.com/images/BjLLIpm4mN7jBH1Izqw2WCp23k.png
deep-reload,deep-reload-04.png,https://framerusercontent.com/images/lqQWa2bkwcTV6rla1bt3zVP1Gg4.png
deep-reload,deep-reload-05.png,https://framerusercontent.com/images/onrUvtmtR9nmBOYEs3BhmHvpbEA.png
deep-reload,deep-reload-06.png,https://framerusercontent.com/images/ZVwS7rhaPAuXtjTqaJWATimgcQ.png
deep-liquidity-scan,deep-liquidity-scan-01.png,https://framerusercontent.com/images/O8tYNWS8lDBoKdc1y91kliXS2U.png
deep-liquidity-scan,deep-liquidity-scan-02.png,https://framerusercontent.com/images/I3Bh1mcU75OPQUE77hZabHfm9VU.png
deep-liquidity-scan,deep-liquidity-scan-03.png,https://framerusercontent.com/images/BrWgKNddYb0VlCOYtfcs25FY.png
deep-liquidity-scan,deep-liquidity-scan-04.png,https://framerusercontent.com/images/KSl4VPrnZNBFh9tv1mnmiTa0zG8.png
deep-liquidity-scan,deep-liquidity-scan-05.png,https://framerusercontent.com/images/uIH54ESp43bLI7COX9WwUTh8G9s.png
deep-liquidity-scan,deep-liquidity-scan-06.png,https://framerusercontent.com/images/POWGMpfeGUUk6Y55xWDTgBJgl8.png
deep-liquidity-scan,deep-liquidity-scan-07.png,https://framerusercontent.com/images/Cwc6o5hIbdAPYYlzZBeYLC3abMA.png
deep-liquidity-scan,deep-liquidity-scan-08.png,https://framerusercontent.com/images/QGECCqh7rwcoNLrOA6Thd55QREg.png
deep-liquidity-scan,deep-liquidity-scan-09.png,https://framerusercontent.com/images/52cmkIvC7yL0wPiJrrdkaEsQ7Q.png
deep-liquidity-scan,deep-liquidity-scan-10.png,https://framerusercontent.com/images/9fWHTd8mui6sJhQGPw0FKXM4qCs.png
deep-liquidity-scan,deep-liquidity-scan-11.png,https://framerusercontent.com/images/ez0LuqpjIKSkqKCM9VkWoYi0.png
deep-liquidity-scan,deep-liquidity-scan-12.png,https://framerusercontent.com/images/g7KGVLyJkbKPunBLDMeEtiacdpQ.png
deep-liquidity-scan,deep-liquidity-scan-13.png,https://framerusercontent.com/images/dLTr0SDPz7QulDi8x5Xn2iVBkkc.png
deep-liquidity-scan,deep-liquidity-scan-14.png,https://framerusercontent.com/images/Ud9NVgqJS9TMmRSFlGYKzewOAo.png
deep-liquidity-scan,deep-liquidity-scan-15.png,https://framerusercontent.com/images/ftzFXbFdLJSkjLJ6w9Div7g5GC8.png
deep-liquidity-scan,deep-liquidity-scan-16.png,https://framerusercontent.com/images/v4sSiOzzzx62Q44Uy9hsVHGdF4.png
deep-liquidity-scan,deep-liquidity-scan-17.png,https://framerusercontent.com/images/6oOpCWTmXCGYxsa4Y7rluqbTo.png
deep-liquidity-scan,deep-liquidity-scan-18.png,https://framerusercontent.com/images/tQ2DpUboGgoKdi7iK6ynn5l9eQ.png
deep-liquidity-scan,deep-liquidity-scan-19.png,https://framerusercontent.com/images/SzYqKr01y2hIMa2BfvubYLPtOg.png
deep-delta-deepdom,deep-delta-deepdom-01.png,https://framerusercontent.com/images/zM6aXHNGYozQHFLFDabHkGwtM9s.png
deep-delta-deepdom,deep-delta-deepdom-02.png,https://framerusercontent.com/images/lp46PwQqFVStqVm3xuVrDGXoTow.png
deep-delta-deepdom,deep-delta-deepdom-03.png,https://framerusercontent.com/images/qydtzsS28C9UgYbHNajTmXCKGEU.png
deep-delta-deepdom,deep-delta-deepdom-04.png,https://framerusercontent.com/images/vHDH9ASoNZWGeCJMFj0Mipd85AI.png
deep-delta-deepdom,deep-delta-deepdom-05.png,https://framerusercontent.com/images/yx8JeSg9DnrPRl6dE93Y0KNl3ZU.png
deep-delta-deepdom,deep-delta-deepdom-06.png,https://framerusercontent.com/images/G3qVzCq61A436wyrDQQyhAhZN8.png
